"","sl_no","word1","freq1","word2","freq2"
"1",1,"htgawm",766,"mobsquad",890
"2",2,"wes",195,"rams",562
"3",3,"just",82,"goff",437
"4",4,"ajanaomiking",81,"jared",435
"5",5,"restingplatypus",78,"willreevejr",277
"6",6,"know",74,"nfl",196
"7",7,"howtogetawayabc",69,"dolphins",161
"8",8,"get",66,"rookie",123
"9",9,"sheet",58,"says",122
"10",10,"eduaubdedubufeduaubcedubfubc",56,"ramsnfl",117
"11",11,"love",53,"will",106
"12",12,"now",50,"finsup",105
"13",13,"like",47,"start",102
"14",14,"nhtgawm",44,"starting",102
"15",15,"away",41,"quarterback",101
"16",16,"episode",41,"coach",83
"17",17,"please",41,"head",83
"18",18,"shonda",41,"time",80
"19",19,"lizaweil",38,"miavsla",79
"20",20,"think",36,"httpstco‚Ä",75
"21",21,"back",35,"line",71
"22",22,"murder",35,"vegas",71
"23",23,"need",35,"https‚Ä",70
"24",24,"killed",34,"theramswire",70
"25",25,"shondarhimes",34,"fisher",67
"26",26,"god",33,"jeff",66
"27",27,"kill",33,"larams",64
"28",28,"will",33,"sunday",61
"29",29,"got",32,"continues",59
"30",30,"much",32,"expect",59
"31",31,"underthesheet",32,"jhekker",59
"32",32,"already",31,"jaredgoff",58
"33",33,"didnt",31,"shift",56
"34",34,"everyone",31,"updated",56
"35",35,"thanks",31,"excited",55
"36",36,"cant",30,"practice",54
"37",37,"nate",30,"first",53
"38",38,"year",29,"pick",53
"39",39,"petenowalk",28,"tough",53
"40",40,"dont",27,"lavsnyj",51
"41",41,"still",27,"dilfer",50
"42",42,"worst",27,"trent",50
"43",43,"damn",26,"britneyspears",45
"44",44,"died",26,"goffs",45
"45",45,"watching",26,"overall",45
"46",46,"belief",25,"now",44
"47",47,"existence",25,"star",44
"48",48,"furthered",25,"doesnt",43
"49",49,"gabbydavidson",25,"icymi",43
"50",50,"spain",25,"news",43
"51",51,"alfred",24,"pop",43
"52",52,"enoch",24,"season",43
"53",53,"gibbons",24,"attends",42
"54",54,"helpnhtgawm",24,"face",42
"55",55,"httpstcoivjudznvqh",24,"handle",42
"56",56,"show",24,"oaks",42
"57",57,"hurts",23,"thousand",42
"58",58,"life",23,"via",42
"59",59,"sorrynhtgawm",23,"chatsports",41
"60",60,"tonight",23,"coaching",41
"61",61,"uufefnhtgawm",23,"eduaubcedubeua",41
"62",62,"bonnie",22,"reports",41
"63",63,"call",22,"staff",41
"64",64,"laurelsgibbin",22,"understand",41
"65",65,"time",22,"week",41
"66",66,"bcz",21,"nnwyche",40
"67",67,"devastated",21,"yards",40
"68",68,"fuck",21,"adam",39
"69",69,"going",21,"gase",39
"70",70,"nit",21,"httpstcob‚Ä",39
"71",71,"parents",21,"new",39
"72",72,"shook",21,"amp",38
"73",73,"want",21,"another",38
"74",74,"heart",20,"eduaubdedubub",38
"75",75,"right",20,"former",38
"76",76,"deserved",19,"http‚Ä",38
"77",77,"gibbins",19,"httpstcolbgqyeoi",38
"78",78,"main",19,"httpstcoyjrmnibyos",38
"79",79,"omg",19,"massive",38
"80",80,"spoilers",19,"puntnn",38
"81",81,"trying",19,"weeknanother",38
"82",82,"whos",19,"win",38
"83",83,"can",18,"enigma",37
"84",84,"dead",18,"isaiah",36
"85",85,"death",18,"pead",36
"86",86,"even",18,"ramsnhttpstcotxqtvmy‚Ä",36
"87",87,"fam",18,"said",36
"88",88,"havent",18,"favor",34
"89",89,"never",18,"money",34
"90",90,"tuning",18,"lwosrams",33
"91",91,"violadavis",18,"named",33
"92",92,"better",17,"nhttps‚Ä",33
"93",93,"finale",17,"thurs",33
"94",94,"httpstcoelczonu",17,"prayers",31
"95",95,"ntgit",17,"httpstcoamgddltik",30
"96",96,"okay",17,"starter",30
"97",97,"peter",17,"teammates",30
"98",98,"returns",17,"terrible",30
"99",99,"worse",17,"eduaubdedubuf",29
"100",100,"believe",16,"family",29
"101",101,"brother",16,"friends",29
"102",102,"characnshonda",16,"got",29
"103",103,"cristallizing",16,"angeles",28
"104",104,"ever",16,"gear",28
"105",105,"find",16,"httpstcoodbhxottsx",28
"106",106,"good",16,"nhttpstcoiquaxuj‚Ä",28
"107",107,"himnhtgawm",16,"stadium",28
"108",108,"httpstcoavkhbfqjj",16,"game",26
"109",109,"see",16,"just",26
"110",110,"watch",16,"today",26
"111",111,"annalise",15,"chance",25
"112",112,"high",15,"light",25
"113",113,"htgawmwinterfinale",15,"miami",24
"114",114,"nuffsaidny",15,"follow",23
"115",115,"seeing",15,"lot",23
"116",116,"tomorrow",15,"mobsquad‚Ä",23
"117",117,"yes",15,"nflgiveaway",23
"118",118,"amp",14,"clairedabear",22
"119",119,"annalises",14,"inc",22
"120",120,"die",14,"janoris",22
"121",121,"eduaubdedubuaeduaubdedubuad",14,"jenkins",22
"122",122,"giagia",14,"packed",22
"123",123,"httpstcohcbnybmdo",14,"prize",22
"124",124,"mattmcgorry",14,"signed",22
"125",125,"nnhtgawm",14,"tgii",22
"126",126,"take",14,"ground",21
"127",127,"twin",14,"player",21
"128",128,"crying",13,"ramsnation",21
"129",129,"east",13,"teams",21
"130",130,"emotional",13,"case",19
"131",131,"fucking",13,"keenum",19
"132",132,"happened",13,"make",19
"133",133,"htgawm‚Ä",13,"birthday",18
"134",134,"ive",13,"can",18
"135",135,"january",13,"daughter",18
"136",136,"lady",13,"rquinn",18
"137",137,"let",13,"stuff",18
"138",138,"live",13,"thats",18
"139",139,"made",13,"tickets",18
"140",140,"rhimes",13,"wanted",18
"141",141,"also",12,"finally",17
"142",142,"eduaubdedubuaeduaubdedubua",12,"nfc",17
"143",143,"evil",12,"raybo",17
"144",144,"george",12,"going",16
"145",145,"mcdreamy",12,"hollywood",16
"146",146,"process",12,"quinn",16
"147",147,"rebecca",12,"special",16
"148",148,"say",12,"change",15
"149",149,"season",12,"fantasyfootball",15
"150",150,"thinking",12,"great",15
"151",151,"week",12,"hospital",15
"152",152,"wow",12,"inglewood",15
"153",153,"calling",11,"job",15
"154",154,"callmestarlord",11,"park",15
"155",155,"cancelled",11,"show",15
"156",156,"classes",11,"young",15
"157",157,"coming",11,"fans",14
"158",158,"connor",11,"break",13
"159",159,"denny",11,"day",13
"160",160,"due",11,"eduaubdedubu",13
"161",161,"eduaubdedubuadeduaubdedubuadeduaubdedubuaa",11,"get",13
"162",162,"enough",11,"jack",13
"163",163,"family",11,"begin",12
"164",164,"greysanatomy",11,"hornsup",12
"165",165,"honor",11,"ramily",12
"166",166,"httpstcoaejlqyaoq",11,"robert",12
"167",167,"httpstcoassmgqxq",11,"row",12
"168",168,"httpstcotgyecz",11,"well",12
"169",169,"httpstcowfat‚Ä",11,"feelin",11
"170",170,"httpstcoyoqonjlw",11,"future",11
"171",171,"laurel",11,"good",11
"172",172,"laurenadinab",11,"goooooood",11
"173",173,"lexie",11,"httpstcovbebdhvty",11
"174",174,"lifted",11,"lets",11
"175",175,"mark",11,"look",11
"176",176,"mourn",11,"pff",11
"177",177,"msoriginality",11,"begins",10
"178",178,"munaism",11,"breaking",10
"179",179,"naaame",11,"concerned",10
"180",180,"nationwide",11,"debut",10
"181",181,"nni",11,"home",10
"182",182,"play",11,"laramnation",10
"183",183,"pretty",11,"need",10
"184",184,"sad",11,"see",10
"185",185,"sam",11,"takes",10
"186",186,"shalondaloveee",11,"think",10
"187",187,"stress",11,"available",9
"188",188,"thread",11,"decision",9
"189",189,"vodka",11,"duo",9
"190",190,"wordsnhtgawm",11,"easection",9
"191",191,"body",10,"expecting",9
"192",192,"eduaubdedubua",10,"hekker",9
"193",193,"everything",10,"httpstcofyxyofyjlw",9
"194",194,"finding",10,"november",9
"195",195,"frank",10,"ready",9
"196",196,"fyeahtgawm",10,"right",9
"197",197,"gonna",10,"seats",9
"198",198,"holy",10,"team",9
"199",199,"ibiebteam",10,"things",9
"200",200,"inkdarapper",10,"toddgurley",9
"201",201,"night",10,"watch",9
"202",202,"secret",10,"‚Äúscared‚Äù",8
"203",203,"till",10,"big",8
"204",204,"youve",10,"construction",8
"205",205,"fans",9,"covernrams",8
"206",206,"first",9,"decisions",8
"207",207,"halfhalaltrash",9,"different",8
"208",208,"hand",9,"facebook",8
"209",209,"hours",9,"football",8
"210",210,"httpstcodozrzkif",9,"gambling",8
"211",211,"httpstcok‚Ä",9,"groundbreaking",8
"212",212,"ill",9,"groupnnhmmthats",8
"213",213,"keating",9,"hall",8
"214",214,"kissing",9,"httpstcoarzzjnluqpnmobsquad",8
"215",215,"raise",9,"httpstcohrtqgy",8
"216",216,"ready",9,"httpstcoofczk",8
"217",217,"safe",9,"httpstcozzvkexrvf",8
"218",218,"thecharlieweber",9,"jim",8
"219",219,"victimized",9,"joeramsilverfox",8
"220",220,"watched",9,"losangeles",8
"221",221,"whole",9,"move",8
"222",222,"anything",8,"punter",8
"223",223,"conradricamora",8,"really",8
"224",224,"decision",8,"russillokanell",8
"225",225,"guys",8,"say",8
"226",226,"hardest",8,"tdespn",8
"227",227,"hope",8,"att",7
"228",228,"house",8,"cant",7
"229",229,"https‚Ä",8,"congrats",7
"230",230,"httpstcocukjqubv",8,"earned",7
"231",231,"last",8,"freegoff",7
"232",232,"minutes",8,"fun",7
"233",233,"morning",8,"happy",7
"234",234,"people",8,"httpstcodgldmghti",7
"235",235,"plus",8,"httpstcoohwqxnesw",7
"236",236,"seen",8,"jets",7
"237",237,"showrunner",8,"later",7
"238",238,"side",8,"let",7
"239",239,"spoil",8,"officially",7
"240",240,"stomachpainsamptears",8,"released",7
"241",241,"uufef",8,"set",7
"242",242,"went",8,"superfan",7
"243",243,"whats",8,"theblood",7
"244",244,"wtf",8,"video",7
"245",245,"yet",8,"wants",7
"246",246,"asher",7,"wins",7
"247",247,"coast",7,"youngblood",7
"248",248,"cry",7,"budlight",6
"249",249,"damaged",7,"cheerleaders",6
"250",250,"drunkyborghy",7,"contributor",6
"251",251,"eduaubdedubuad",7,"famer",6
"252",252,"emotions",7,"getting",6
"253",253,"fire",7,"gisramsshow",6
"254",254,"games",7,"hear",6
"255",255,"happy",7,"httpst‚Ä",6
"256",256,"httpstconewxxcor‚Ä",7,"httpstcosadivpg",6
"257",257,"httpstcozlkifhp",7,"httpstcotmwmrswxy",6
"258",258,"lol",7,"keep",6
"259",259,"muchnhtgawm",7,"know",6
"260",260,"nerves",7,"kroenke",6
"261",261,"new",7,"lineman",6
"262",262,"one",7,"made",6
"263",263,"question",7,"mashup",6
"264",264,"read",7,"mini",6
"265",265,"realize",7,"morning",6
"266",266,"saw",7,"nnmobsquad",6
"267",267,"shock",7,"rampage",6
"268",268,"shondaland",7,"ramsheadquarter",6
"269",269,"smovkelouis",7,"since",6
"270",270,"thought",7,"spoke",6
"271",271,"werent",7,"stubhub",6
"272",272,"yootori",7,"taylorfelix",6
"273",273,"alive",6,"thank",6
"274",274,"best",6,"throwbackthursday",6
"275",275,"broke",6,"ticketexchange‚Ä",6
"276",276,"caution",6,"todays",6
"277",277,"character",6,"unbreakablefans",6
"278",278,"characters",6,"wait",6
"279",279,"confused",6,"backup",5
"280",280,"donhalogen",6,"bad",5
"281",281,"exams",6,"brought",5
"282",282,"fake",6,"career",5
"283",283,"foreversaranya",6,"ceremony",5
"284",284,"funbeaz",6,"dallascowboys",5
"285",285,"funny",6,"deserved",5
"286",286,"happening",6,"eduaubcedubfufnnmobsquad",5
"287",287,"happiness",6,"exchange",5
"288",288,"htgawm‚",6,"games",5
"289",289,"httpstcofhkhgzfp",6,"gurley",5
"290",290,"httpstcovfgdme",6,"guys",5
"291",291,"httpstcoyxrrjxq",6,"hayes",5
"292",292,"important",6,"hes",5
"293",293,"isnt",6,"httpstconoobrihho",5
"294",294,"itsgregorio",6,"imagined",5
"295",295,"killing",6,"jedi",5
"296",296,"lifenrun",6,"johnny",5
"297",297,"months",6,"love",5
"298",298,"nnfrank",6,"low",5
"299",299,"nnruin",6,"michaelpgrande",5
"300",300,"nruin",6,"movie",5
"301",301,"ntake",6,"nfl‚Ä",5
"302",302,"pressure",6,"njlagunaa",5
"303",303,"rather",6,"offensive",5
"304",304,"real",6,"play",5
"305",305,"really",6,"ramsgroundbreaking",5
"306",306,"rest",6,"someone",5
"307",307,"sirencoliver",6,"stan",5
"308",308,"someone",6,"starwars",5
"309",309,"soon",6,"thinks",5
"310",310,"spoiler",6,"ticket",5
"311",311,"thru",6,"weeknnmobsquad",5
"312",312,"upnruin",6,"won",5
"313",313,"wait",6,"word",5
"314",314,"whatsdetweet",6,"youre",5
"315",315,"baby",5,"bar",4
"316",316,"badass",5,"becoming",4
"317",317,"bitch",5,"better",4
"318",318,"black",5,"billsimmons",4
"319",319,"case",5,"broncos",4
"320",320,"cast",5,"car",4
"321",321,"cause",5,"check",4
"322",322,"chuuzus",5,"come",4
"323",323,"come",5,"dodgers",4
"324",324,"complaint",5,"draft",4
"325",325,"cries",5,"familynmobsquad",4
"326",326,"eduaubdedubuaaeduaubcedubfubc",5,"fellow",4
"327",327,"eduaubdedubub",5,"god",4
"328",328,"eduaubdedubueduaubdedubueduaubdedubu",5,"goes",4
"329",329,"erjefferson",5,"goffnthis",4
"330",330,"except",5,"goniners",4
"331",331,"fifteen",5,"gtgt",4
"332",332,"figure",5,"history",4
"333",333,"foods",5,"host",4
"334",334,"getting",5,"ht‚Ä",4
"335",335,"girlfriend",5,"httpstcolwajprzp",4
"336",336,"hate",5,"httpstcoqanziqnji",4
"337",337,"ht‚Ä",5,"httpstcotzupyurfif",4
"338",338,"http‚Ä",5,"httpstcouphqisd",4
"339",339,"httpstcoisdiwdxec",5,"huge",4
"340",340,"httpstcommlpn‚Ä",5,"jblong",4
"341",341,"httpstcouhspyul",5,"laramsfanzone",4
"342",342,"httpstcowfpscfgbsa",5,"leg",4
"343",343,"instead",5,"miamidolphins",4
"344",344,"junk",5,"might",4
"345",345,"karlasouza",5,"next",4
"346",346,"messn",5,"nmobsquad",4
"347",347,"moment",5,"nnhttpstcoadmgdszsh",4
"348",348,"oliver",5,"official",4
"349",349,"pass",5,"oline",4
"350",350,"pulled",5,"one",4
"351",351,"rip",5,"owner",4
"352",352,"shit",5,"part",4
"353",353,"sitting",5,"playing",4
"354",354,"sleep",5,"pst",4
"355",355,"smart",5,"put",4
"356",356,"sorry",5,"qbs",4
"357",357,"stunt",5,"report",4
"358",358,"talented",5,"ringerpodcasts",4
"359",359,"trashyusagi",5,"rotouncleodds",4
"360",360,"twist",5,"saffold",4
"361",361,"west",5,"seasons",4
"362",362,"women",5,"sundaynmobsquadnhttpstcokvzmfvkb",4
"363",363,"words",5,"sweet",4
"364",364,"work",5,"tea",4
"365",365,"writer",5,"teammate",4
"366",366,"ago",4,"teamsnherewegongobillsnjetupnchargersnnsincerelynfinsupnnmobsquad",4
"367",367,"alonzolerone",4,"thanks",4
"368",368,"always",4,"thoughts",4
"369",369,"answers",4,"todd",4
"370",370,"anymore",4,"william",4
"371",371,"artisthtgawmgifsfunnyanimallovepage",4,"almost",3
"372",372,"ave",4,"asking",3
"373",373,"basis",4,"attended",3
"374",374,"bestsetever",4,"awesome",3
"375",375,"bit",4,"back",3
"376",376,"bunch",4,"battle",3
"377",377,"close",4,"bet",3
"378",378,"coping",4,"biggame",3
"379",379,"creativity",4,"chances",3
"380",380,"deserve",4,"chiefgunz",3
"381",381,"dies",4,"comparing",3
"382",382,"eduaubdedubuadeduaubdedubuadeduaubdedubuad",4,"djmalskila",3
"383",383,"end",4,"done",3
"384",384,"expected",4,"end",3
"385",385,"file",4,"expected",3
"386",386,"girls",4,"eyes",3
"387",387,"glad",4,"feisty",3
"388",388,"goodbye",4,"field",3
"389",389,"hats",4,"fix",3
"390",390,"heytearcatcher",4,"gorams",3
"391",391,"horrible",4,"happening",3
"392",392,"httpstco‚Ä",4,"help",3
"393",393,"httpstcorrdfkylllx",4,"hire",3
"394",394,"httpstcoxwpujktu",4,"hoe",3
"395",395,"jail‚Ä",4,"hope",3
"396",396,"kaaaaaaaaaarl",4,"httpstcogfalhj",3
"397",397,"kammkroh",4,"httpstcohwozkwbop",3
"398",398,"keep",4,"httpstcolfwmfmshgu",3
"399",399,"kick",4,"httpstcoqanziqqb",3
"400",400,"literally",4,"httpstcoyfggkzolp",3
"401",401,"lvldamn",4,"isaacbruce",3
"402",402,"make",4,"jefffisher",3
"403",403,"man",4,"jimeverett",3
"404",404,"many",4,"joc",3
"405",405,"mechanisms",4,"kurtwarner",3
"406",406,"midseason",4,"last",3
"407",407,"milo",4,"like",3
"408",408,"mother",4,"live",3
"409",409,"nope",4,"lmao",3
"410",410,"officially",4,"long",3
"411",411,"ollie",4,"looks",3
"412",412,"omfg",4,"losing",3
"413",413,"plot",4,"man",3
"414",414,"refuse",4,"moment",3
"415",415,"rips",4,"mvp",3
"416",416,"ripwesgibbins",4,"ndamukong",3
"417",417,"signing",4,"nextnhttpstc‚Ä",3
"418",418,"snow",4,"nhttpst‚Ä",3
"419",419,"speechless",4,"nightmareny",3
"420",420,"stepht",4,"nngoff",3
"421",421,"stop",4,"nnhttpstcoapqtqqwfxp",3
"422",422,"supposed",4,"nnhttpstcovwqnztrel",3
"423",423,"tell",4,"notes",3
"424",424,"tho",4,"one‚Ä",3
"425",425,"told",4,"pederson",3
"426",426,"trump",4,"people",3
"427",427,"trust",4,"players",3
"428",428,"two",4,"playoff",3
"429",429,"victim",4,"praise",3
"430",430,"vinestudio",4,"prescott",3
"431",431,"voldemort",4,"preview",3
"432",432,"wanna",4,"profootballhof",3
"433",433,"weekly",4,"proud",3
"434",434,"welcome",4,"pumped",3
"435",435,"well",4,"rams‚Äô",3
"436",436,"whitley",4,"ramsfanmvp",3
"437",437,"winter",4,"ramslife",3
"438",438,"writers",4,"roger",3
"439",439,"accused",3,"romo",3
"440",440,"actual",3,"rub",3
"441",441,"actually",3,"she‚Äôs",3
"442",442,"age",3,"shorts",3
"443",443,"anjprowse",3,"squad",3
"444",444,"answer",3,"step",3
"445",445,"ask",3,"streak",3
"446",446,"babyeduaubdedubueduaubdedubuaeduaubdedubub",3,"stubhub‚Ä",3
"447",447,"bcherai",3,"suh",3
"448",448,"breathe",3,"super",3
"449",449,"burned",3,"telling",3
"450",450,"called",3,"theforceawakensnhttps‚Ä",3
"451",451,"cancel",3,"thrown",3
"452",452,"chat",3,"timesbut",3
"453",453,"color",3,"tony",3
"454",454,"couldnt",3,"trucks",3
"455",455,"cried",3,"underperform",3
"456",456,"crossing",3,"veterans",3
"457",457,"dad",3,"warner",3
"458",458,"danaemolina",3,"weeks",3
"459",459,"daya",3,"wegotgoff",3
"460",460,"deal",3,"wentz",3
"461",461,"denial",3,"wolves",3
"462",462,"designedbymyself",3,"wonders",3
"463",463,"done",3,"wreck",3
"464",464,"dying",3,"yall",3
"465",465,"eduaubdedubuadeduaubdedubuadeduaubdedubuadeduaubdedubuad",3,"yeah",3
"466",466,"eduaubdedubuaeduaubcedubfubenhtgawm",3,"year",3
"467",467,"eduaubdedubueduaubdedubu",3,"yes",3
"468",468,"either",3,"yet",3
"469",469,"emmjolras",3,"york",3
"470",470,"emotionally",3,"yungjoc",3
"471",471,"ended",3,"aaron",2
"472",472,"every",3,"accident",2
"473",473,"experiences",3,"ajayi",2
"474",474,"fact",3,"amputated",2
"475",475,"faked",3,"appearance",2
"476",476,"fashionblogger",3,"armchairnfl",2
"477",477,"fingers",3,"ass",2
"478",478,"forgot",3,"bcfootball",2
"479",479,"gods",3,"best",2
"480",480,"goodnighteduaubdedubueduaubdedubueduaubdedubu",3,"bonsignore",2
"481",481,"group",3,"bout",2
"482",482,"hahaha",3,"boy",2
"483",483,"heartbroken",3,"boycott",2
"484",484,"hell",3,"brave",2
"485",485,"hes",3,"brittngain",2
"486",486,"hollywoodnhttpstcodcobauu",3,"bruce",2
"487",487,"htgawmufufuf",3,"call",2
"488",488,"httpstcogtvzdone",3,"called",2
"489",489,"httpstcojlwjnfxnq",3,"carries",2
"490",490,"httpstcollvtrgjv",3,"casekeenum",2
"491",491,"httpstcookkcsoyua",3,"chat",2
"492",492,"httpstcoxwlixbtii",3,"chatrams",2
"493",493,"httpstcozbbunplab",3,"chely",2
"494",494,"jaroncheatham",3,"chill",2
"495",495,"jon",3,"chosen",2
"496",496,"kills",3,"chris",2
"497",497,"kind",3,"coliseum",2
"498",498,"knew",3,"columnist",2
"499",499,"knowing",3,"combined",2
"500",500,"knownnhtgawm",3,"compared",2
"501",501,"left",3,"confident",2
"502",502,"look",3,"controversial",2
"503",503,"looking",3,"couldnt",2
"504",504,"lost",3,"cuz",2
"505",505,"lot",3,"dailynewsvinny",2
"506",506,"mad",3,"dawgs",2
"507",507,"marcosnotahero",3,"debuts",2
"508",508,"mean",3,"deep",2
"509",509,"meant",3,"defense",2
"510",510,"media",3,"defensive",2
"511",511,"michaela",3,"demoted",2
"512",512,"myselfnmichaela",3,"derricknighton",2
"513",513,"nah",3,"division",2
"514",514,"name",3,"dnppouncey",2
"515",515,"nykanycole",3,"eduaubdedubueduaubcedubfu",2
"516",516,"oitnb",3,"eduaubdedubufeduaubcedubfubf",2
"517",517,"praying",3,"energy",2
"518",518,"puhlease",3,"ericdickerson",2
"519",519,"reaction",3,"ers",2
"520",520,"repeatedly",3,"event",2
"521",521,"rescued",3,"everett",2
"522",522,"response",3,"everyone",2
"523",523,"revealed",3,"fame",2
"524",524,"ruin",3,"far",2
"525",525,"sake",3,"feel",2
"526",526,"sandgomezz",3,"finsup‚",2
"527",527,"scenario",3,"firefisher",2
"528",528,"scenes",3,"four",2
"529",529,"seantaneous",3,"frednbcla",2
"530",530,"showed",3,"generalmp",2
"531",531,"since",3,"gets",2
"532",532,"social",3,"give",2
"533",533,"somebody",3,"gmfb",2
"534",534,"something",3,"goffera",2
"535",535,"start",3,"gonna",2
"536",536,"streetwear",3,"goodell",2
"537",537,"stressed",3,"gotta",2
"538",538,"taken",3,"heard",2
"539",539,"tears",3,"high",2
"540",540,"telly",3,"highly",2
"541",541,"tgit",3,"hip",2
"542",542,"thekeatingive",3,"historical",2
"543",543,"tonights",3,"holt",2
"544",544,"traumatizednconnor",3,"honor",2
"545",545,"tweet",3,"hoping",2
"546",546,"upset",3,"httpstcobdieyeqx",2
"547",547,"waiting",3,"httpstcobm‚Ä",2
"548",548,"wasnt",3,"httpstcobnkfuladt",2
"549",549,"weirdos",3,"httpstcobyakdqg",2
"550",550,"whyyy",3,"httpstcodncwzddtln",2
"551",551,"winterfinale",3,"httpstcofdlcmezs",2
"552",552,"woke",3,"httpstcofxskeduph",2
"553",553,"worried",3,"httpstcoglnuuyyin",2
"554",554,"wrong",3,"httpstcogxsccqvxd",2
"555",555,"yall",3,"httpstcohjfezce",2
"556",556,"years",3,"httpstcojtfpgqu",2
"557",557,"zalbrecht",3,"httpstcoltuzcqbck",2
"558",558,"aint",2,"httpstcolznsiwlenmobsquad",2
"559",559,"alertnwhaaaaaaaaaaaaaaaaaat",2,"httpstcomdbvkitt",2
"560",560,"alfredenoch",2,"httpstcomdbvkiur",2
"561",561,"allnhtgawm",2,"httpstcomygzfjswa",2
"562",562,"allnhtgawmnunderthesheet",2,"httpstconnbxkaha",2
"563",563,"angry",2,"httpstcooqpwdosblo",2
"564",564,"another",2,"httpstcopjwchkqy",2
"565",565,"appreciate",2,"httpstcorelcdpyaoi",2
"566",566,"asleep",2,"httpstcoshjdtfrb",2
"567",567,"ass",2,"httpstcotidcnktgt",2
"568",568,"assumed",2,"httpstcozeuupgius",2
"569",569,"awaynhtgawm",2,"httpstcozudxt‚Ä",2
"570",570,"background",2,"icyminnandymc",2
"571",571,"bad",2,"ill",2
"572",572,"barabears",2,"inject",2
"573",573,"bed",2,"injury",2
"574",574,"beejay",2,"ipead",2
"575",575,"big",2,"jay",2
"576",576,"biggest",2,"jetup",2
"577",577,"bodyshonda",2,"jhwreporter",2
"578",578,"breaking",2,"katc",2
"579",579,"broken",2,"kdemoff",2
"580",580,"brothers",2,"keith",2
"581",581,"bursts",2,"kennybritt",2
"582",582,"catch",2,"kurt",2
"583",583,"cheeseburger",2,"lacoliseum",2
"584",584,"cheeseburgers",2,"lafamilia",2
"585",585,"circle",2,"landry",2
"586",586,"comingnhtgawm",2,"laramslife",2
"587",587,"congrats",2,"lavsmia",2
"588",588,"daddy",2,"lieutenanteric",2
"589",589,"dare",2,"limitedjarvis",2
"590",590,"dark",2,"looking",2
"591",591,"dawg",2,"lose",2
"592",592,"dbymyself",2,"lost",2
"593",593,"dear",2,"lowetide",2
"594",594,"disgusting",2,"madden",2
"595",595,"distraught",2,"market",2
"596",596,"drink",2,"math",2
"597",597,"easy",2,"mayorbutts",2
"598",598,"eduaubdedubu",2,"mia",2
"599",599,"eduaubdedubuadeduaubdedubu",2,"miamiherald",2
"600",600,"eduaubdedubuadeduaubdedubuadeduaubdedubuadnhtgawm",2,"mike",2
"601",601,"eduaubdedubuaeduaubdedubuadeduaubdedubu",2,"mobsquadnhttpst‚Ä",2
"602",602,"eduaubdedubuaeduaubdedubuaeduaubdedubua",2,"mrcontroversy",2
"603",603,"eduaubdedububeduaubdedubuaeduaubdedubuaeduaubdedubuaeduaubdedubuaeduaubdedubuad",2,"mtcwithmook",2
"604",604,"eduaubdedububso",2,"nation",2
"605",605,"eduaubdedubueduaubdedubua",2,"nh‚Ä",2
"606",606,"eduaubeedubu",2,"nigga",2
"607",607,"entire",2,"nlb",2
"608",608,"everetteimani",2,"nnhttpstcoiwyjrhyfz",2
"609",609,"excited",2,"nonepridenchargers",2
"610",610,"expect",2,"norv",2
"611",611,"face",2,"nov",2
"612",612,"fakennhtgawm",2,"nutsandboltssp",2
"613",613,"feel",2,"nwhat",2
"614",614,"ffs",2,"offense",2
"615",615,"finally",2,"open",2
"616",616,"food",2,"party",2
"617",617,"freaking",2,"phins",2
"618",618,"friend",2,"photos",2
"619",619,"friends",2,"pouncey",2
"620",620,"friendship",2,"power",2
"621",621,"fucked",2,"preseason",2
"622",622,"fuuuuuuckkk",2,"rankings",2
"623",623,"game",2,"reacts",2
"624",624,"genuinely",2,"realfootballtv",2
"625",625,"giving",2,"realize",2
"626",626,"gotta",2,"reinjured",2
"627",627,"grvfaimptn",2,"remainder",2
"628",628,"guess",2,"renfl",2
"629",629,"haleftbush",2,"retweet",2
"630",630,"half",2,"revisnnadvantage",2
"631",631,"handle",2,"ringchasin",2
"632",632,"hard",2,"rodger",2
"633",633,"hated",2,"roll",2
"634",634,"hospital",2,"rookiepremiere",2
"635",635,"hownnhtgawm",2,"rudedogreyes",2
"636",636,"htgawmnerdom",2,"saturdays",2
"637",637,"htgawmnthank",2,"scouting",2
"638",638,"httpstcocftgetc",2,"seeing",2
"639",639,"httpstcocxorpyti",2,"sees",2
"640",640,"httpstcodogaiwask",2,"shovel",2
"641",641,"httpstcoivbckwavs",2,"skol",2
"642",642,"httpstcokglkfns",2,"socalramsbc",2
"643",643,"httpstcolbfcidijnm",2,"socalramsboosterclub",2
"644",644,"httpstcomvuzgkiip",2,"soon",2
"645",645,"httpstcongskph",2,"starts",2
"646",646,"httpstconwkhqbug",2,"stay",2
"647",647,"httpstcookhomongj",2,"streaking",2
"648",648,"httpstcoqcgnudlra",2,"strong",2
"649",649,"httpstcorkaffnywf",2,"struggle",2
"650",650,"httpstcorkmhxabhdt",2,"sure",2
"651",651,"httpstcoubwhxlqch",2,"take",2
"652",652,"httpstcovlyyiqnlx",2,"talking",2
"653",653,"httpstcowikqsywme",2,"tgengland‚Ä",2
"654",654,"httpstcoxnmmcwv",2,"thebiglead",2
"655",655,"httpstcozztvmixwr",2,"theramsfangirl",2
"656",656,"hugging",2,"tho",2
"657",657,"hurt",2,"thursday",2
"658",658,"husband",2,"tomorrow",2
"659",659,"iconic",2,"trade",2
"660",660,"improvised",2,"tragic",2
"661",661,"inner",2,"trust",2
"662",662,"issues",2,"trying",2
"663",663,"itmy",2,"tsndowns",2
"664",664,"jamil",2,"tsnradio",2
"665",665,"jazzyj",2,"turner",2
"666",666,"jimmykimmellive",2,"twitter",2
"667",667,"jitterary",2,"uconnnndawgpoundnmobsquad",2
"668",668,"keithington",2,"ueduaubdedubu",2
"669",669,"kidding",2,"updates",2
"670",670,"kiss",2,"upncomingfb",2
"671",671,"latest",2,"vincent",2
"672",672,"laurenofarabia",2,"w‚Ä",2
"673",673,"leme",2,"wall",2
"674",674,"levity",2,"wastheyearthatifinally",2
"675",675,"lifeeduaubdedubuadeduaubdedubuadeduaubdedubueduaubdedubueduaubdedubueduaubdedubuadeduaubdedubuadeduaubdedubuadeduaubdedubuadeduaubdedubueduaubdedubueduaubdedubueduaubdedubueduaubdedubu",2,"writes",2
"676",676,"lil",2,"writing",2
"677",677,"littlemix",2,"years",2
"678",678,"long",2,"‚Äî",1
"679",679,"lovea",2,"aarondonald",1
"680",680,"male",2,"able",1
"681",681,"mama",2,"addresses",1
"682",682,"marcosburial",2,"agnb",1
"683",683,"mattmc‚Ä",2,"air",1
"684",684,"maybe",2,"alaboutsports",1
"685",685,"memorieshtgawm",2,"alexalarcon",1
"686",686,"might",2,"alleduaubcedubeubeduaubcedubeub",1
"687",687,"min",2,"also",1
"688",688,"miss",2,"anxious",1
"689",689,"mizzjai",2,"around",1
"690",690,"morgansstockton",2,"atl",1
"691",691,"mourning",2,"atmosphere",1
"692",692,"move",2,"august",1
"693",693,"murdernmarcos",2,"autocorrects",1
"694",694,"murders",2,"autographs",1
"695",695,"must",2,"ayyye",1
"696",696,"muted",2,"bangthebook",1
"697",697,"natalieabrams",2,"bears",1
"698",698,"next",2,"beast",1
"699",699,"next‚Ä",2,"beat",1
"700",700,"nights",2,"beats",1
"701",701,"noo",2,"beauty",1
"702",702,"noted",2,"beginning",1
"703",703,"nwhen",2,"believe",1
"704",704,"office",2,"believeingoffgorams",1
"705",705,"panic",2,"believeingurley",1
"706",706,"part",2,"benched",1
"707",707,"person",2,"benefit",1
"708",708,"plagued",2,"benmaller",1
"709",709,"pretendnhtgawm",2,"beredseered",1
"710",710,"prettyyyyyyyy",2,"beredseered‚Ä",1
"711",711,"questions",2,"bestnflpolls",1
"712",712,"ramenpapi",2,"bill",1
"713",713,"random",2,"bills",1
"714",714,"reeling",2,"birds",1
"715",715,"reminders",2,"bit",1
"716",716,"ri‚Ä",2,"bless",1
"717",717,"ruhroh",2,"blessed",1
"718",718,"ruined",2,"blew",1
"719",719,"ruining",2,"blow",1
"720",720,"sadness",2,"bnb",1
"721",721,"sceneeduaubdedubuenhtgawm",2,"bold",1
"722",722,"shanx",2,"bought",1
"723",723,"shelloftheball",2,"bowl",1
"724",724,"shitty",2,"box",1
"725",725,"shocked",2,"brady",1
"726",726,"shondal‚Ä",2,"breaks",1
"727",727,"shondalandcast",2,"brees",1
"728",728,"shouldve",2,"bring",1
"729",729,"sick",2,"bringing",1
"730",730,"sickgoodnight",2,"britney",1
"731",731,"soul",2,"broke",1
"732",732,"speak",2,"broken",1
"733",733,"speaks",2,"brown",1
"734",734,"spoils",2,"buccaneers",1
"735",735,"support",2,"buckybrooks",1
"736",736,"surprising",2,"bundle",1
"737",737,"survive",2,"bust",1
"738",738,"survived",2,"butts",1
"739",739,"talk",2,"buy",1
"740",740,"thank",2,"cakes",1
"741",741,"thatsclaudia",2,"calfamily",1
"742",742,"thatwhittt",2,"calfootball",1
"743",743,"thegameofnerds",2,"california",1
"744",744,"tight",2,"calls",1
"745",745,"tired",2,"camp",1
"746",746,"to‚Ä",2,"can‚Äôt",1
"747",747,"today",2,"canonusapro‚Ä",1
"748",748,"totally",2,"card",1
"749",749,"trending",2,"cause",1
"750",750,"trndnl",2,"cedarsmobsquad",1
"751",751,"try",2,"celebrate",1
"752",752,"tweeting",2,"celebration",1
"753",753,"tweets",2,"centre",1
"754",754,"twitter",2,"champions",1
"755",755,"twtr",2,"champs",1
"756",756,"type",2,"changes",1
"757",757,"ugh",2,"chargers",1
"758",758,"walkin",2,"chart",1
"759",759,"waniminaj",2,"chemistry",1
"760",760,"war",2,"chiefs",1
"761",761,"whaaaaaaaaat",2,"childhood",1
"762",762,"whoisunderthesheet",2,"city",1
"763",763,"wizarding",2,"claim",1
"764",764,"wtfffffffffffff",2,"class",1
"765",765,"wth",2,"climb",1
"766",766,"yelled",2,"coin",1
"767",767,"youre",2,"collect",1
"768",768,"aaaaaaaaaaaarrrrrrrrrrggggggggghhhhhhhhhhhhhhhhhhhh",1,"colliding",1
"769",769,"aaaagh",1,"comeeduaubcedubeubeduaubcedubeubneduaubcedubeubeduaubcedubeub",1
"770",770,"abc",1,"comejaredgoff",1
"771",771,"abt",1,"commissioner",1
"772",772,"abuse",1,"community",1
"773",773,"act",1,"contact",1
"774",774,"acted‚Ä",1,"contactnelliott",1
"775",775,"actor",1,"correctly",1
"776",776,"address",1,"count",1
"777",777,"agonising",1,"cowboys",1
"778",778,"aiineything",1,"crash",1
"779",779,"ajshannon",1,"crt",1
"780",780,"alertnholy",1,"damn",1
"781",781,"alertni",1,"daniklup",1
"782",782,"alfie",1,"datdudebw",1
"783",783,"alot",1,"dawg",1
"784",784,"alrighty",1,"days",1
"785",785,"alyssamarie",1,"deadlast",1
"786",786,"amarisbates",1,"dedicated",1
"787",787,"amazing",1,"defends",1
"788",788,"america",1,"deiningerrob",1
"789",789,"american",1,"depth",1
"790",790,"annaleise",1,"desperately",1
"791",791,"annaliese",1,"destroys",1
"792",792,"anneliese",1,"dickerson",1
"793",793,"answereduaubdedubu",1,"didnt",1
"794",794,"anyone",1,"difficult",1
"795",795,"apologies",1,"discharged",1
"796",796,"arearent",1,"discusses",1
"797",797,"arienz",1,"district",1
"798",798,"arkylicius",1,"djackman",1
"799",799,"asf",1,"dmarcofarr",1
"800",800,"assholes",1,"doesn‚Äôt",1
"801",801,"auditioned",1,"dome",1
"802",802,"auntie",1,"dominance",1
"803",803,"awkward",1,"donald",1
"804",804,"bahamachuck",1,"doubleheader",1
"805",805,"bahashtyy",1,"downeys",1
"806",806,"bakit",1,"dozen",1
"807",807,"bc‚Ä",1,"drain",1
"808",808,"bcs",1,"dream",1
"809",809,"becky",1,"earlier",1
"810",810,"believable",1,"ease",1
"811",811,"believed",1,"easy",1
"812",812,"betrayal",1,"eduaubcedubfu",1
"813",813,"betrayed",1,"eduaubcedubfuas",1
"814",814,"biiiiihhhhh",1,"eduaubcedubfueduaubdedubua",1
"815",815,"bitchs",1,"eduaubcedubfueduaubdedubueduaubdedubueduaubdedubublos",1
"816",816,"blessed",1,"eduaubcedubfugoff",1
"817",817,"blew",1,"eduaubcedubfujeff",1
"818",818,"blocked",1,"eduaubcedubfurams",1
"819",819,"bloody",1,"eduaubdedubuaand",1
"820",820,"bomb",1,"eduaubdedubuaeduaubcedubfubdeduaubdedubuaeduaubcedubfubdmobsquad",1
"821",821,"bonnies",1,"eduaubdedubuaeduaubdedubuaeduaubdedubua",1
"822",822,"boom",1,"eduaubdedubub‚Ä",1
"823",823,"bout",1,"eduaubdedubuceduaubcedubfubc",1
"824",824,"bowled",1,"eduaubdedubuceduaubcedubfube",1
"825",825,"boy",1,"eduaubdedubudeduaubcedubfubc",1
"826",826,"bravo",1,"eduaubdedubueduaubdedubueduaubdedubu",1
"827",827,"breathing",1,"eduaubdedubueduaubdedubueduaubdedububeduaubcedubfu",1
"828",828,"brighten",1,"eduaubdedubueeduaubdedubu",1
"829",829,"bring",1,"eduaubdedubufeduaubdedubua",1
"830",830,"brokeblackchick",1,"eduaubeedubueduaubeedubueduaubeedubu",1
"831",831,"bruh",1,"effort",1
"832",832,"brylleeeuytiepo",1,"eleven",1
"833",833,"buckynaat",1,"else",1
"834",834,"bucyntleks",1,"ending",1
"835",835,"burnbitch",1,"enough",1
"836",836,"buyer",1,"entertainment",1
"837",837,"bye",1,"eric",1
"838",838,"c‚Ä",1,"espnlosangeles",1
"839",839,"caaaaant",1,"etc",1
"840",840,"caijei",1,"everything",1
"841",841,"canonfx",1,"excellent",1
"842",842,"cape",1,"excitedmobsquad",1
"843",843,"career",1,"exnfl",1
"844",844,"cars",1,"exrams",1
"845",845,"chance",1,"f‚Ä",1
"846",846,"character‚Äôs",1,"facilitynlarams",1
"847",847,"charaxter",1,"fact",1
"848",848,"child",1,"fall",1
"849",849,"childreninneed",1,"fan",1
"850",850,"cinemagrace",1,"fansa",1
"851",851,"class",1,"fear",1
"852",852,"cmireid",1,"fi‚Ä",1
"853",853,"cnt",1,"filled",1
"854",854,"coincidence",1,"finalists",1
"855",855,"combinations",1,"finallllly",1
"856",856,"comment",1,"firechrischase",1
"857",857,"complaining",1,"fischer",1
"858",858,"congratulations",1,"fit",1
"859",859,"conner",1,"fitting",1
"860",860,"connors",1,"five",1
"861",861,"consoled",1,"flyeaglesfly",1
"862",862,"costs",1,"footba‚Ä",1
"863",863,"cottoncolford",1,"forget",1
"864",864,"couldve",1,"forward",1
"865",865,"couple",1,"found",1
"866",866,"cox",1,"foxsports",1
"867",867,"crap",1,"francoeltanko",1
"868",868,"created",1,"free",1
"869",869,"credit",1,"freejaredgoff",1
"870",870,"croydon",1,"freshman",1
"871",871,"crt",1,"funk",1
"872",872,"csigrl",1,"future‚Ä",1
"873",873,"curious",1,"gameplan",1
"874",874,"cut",1,"gentleman",1
"875",875,"daily",1,"giving",1
"876",876,"damolaososanya",1,"glad",1
"877",877,"deadnnwesupport",1,"glassfromthesky",1
"878",878,"deadnoooo",1,"goff‚Äôs",1
"879",879,"debt",1,"goffmeisteris",1
"880",880,"definitely",1,"goffor",1
"881",881,"deliver",1,"goffsteam",1
"882",882,"delves",1,"goffstime",1
"883",883,"dem",1,"gofftime",1
"884",884,"demise",1,"gold",1
"885",885,"depends",1,"golden",1
"886",886,"depressed",1,"goooooo",1
"887",887,"depression",1,"gorams‚Ä",1
"888",888,"depth",1,"grandstands",1
"889",889,"derekacz",1,"greatest",1
"890",890,"desb",1,"greatestshowonturf",1
"891",891,"describe",1,"h‚Ä",1
"892",892,"despite",1,"haha",1
"893",893,"diff",1,"happen",1
"894",894,"different",1,"happens",1
"895",895,"dirty",1,"hekkerhotseat",1
"896",896,"disaster",1,"held",1
"897",897,"dislike",1,"helmet",1
"898",898,"dnt",1,"here‚Ä",1
"899",899,"doesnt",1,"heres",1
"900",900,"dohtgawm",1,"hey",1
"901",901,"doin",1,"himtds",1
"902",902,"dream",1,"himthe",1
"903",903,"drinking",1,"hof",1
"904",904,"drunk",1,"hold",1
"905",905,"dstv",1,"hopeyness",1
"906",906,"earth",1,"horrible",1
"907",907,"eduaubcedubcuaeduaubdedubuaeduaubdedubueduaubdedubueduaubdedubaubn",1,"hot",1
"908",908,"eduaubdedubuadeduaubdedubuadeduaubdedubuadeduaubdedubuadeduaubdedubuadeduaubdedubuadeduaubdedubuadeduaubdedubuadeduaubdedubuadeduaubdedubuadeduaubdedubuadeduaubdedubuadeduaubdedubuadeduaubdedubuad",1,"httpstc‚Ä",1
"909",909,"eduaubdedubuadeduaubdedubuadeduaubdedubuadeduaubdedubuadeduaubdedubuadeduaubdedubuadeduaubdedubuadeduaubdedubuadeduaubdedubuadeduaubdedubuadeduaubdedubuadeduaubdedubuadeduaubdedubuadeduaubdedubuadeduaubdedubuadeduaubdedubuad",1,"httpstcoaadinay",1
"910",910,"eduaubdedubuadeduaubdedubuadeduaubdedubuadeduaubdedubuadnn",1,"httpstcoaakyibolt",1
"911",911,"eduaubdedubuadeduaubdedubuadeduaubdedubuadeduaubdedubuaeduaubdedubuaeduaubdedubuaeduaubdedubuavioladavis",1,"httpstcoaibqnhsqra",1
"912",912,"eduaubdedubuadeduaubdedubuadeduaubdedubuadnkarlasouza",1,"httpstcoajiehduqg",1
"913",913,"eduaubdedubuadeduaubdedubuadeduaubdedubuadrestingplatypus",1,"httpstcoakpcqlq",1
"914",914,"eduaubdedubuadeduaubdedubuadn",1,"httpstcoanumbmnkoz",1
"915",915,"eduaubdedubuadeduaubdedubuaeduaubdedubua",1,"httpstcoapmiffqw",1
"916",916,"eduaubdedubuaeduaubdedubuaeduaubdedubu",1,"httpstcoarhnvahrq",1
"917",917,"eduaubdedubuaeduaubdedubuaeduaubdedubuaeduaubdedubuae",1,"httpstcoauemfoed",1
"918",918,"eduaubdedubuaeduaubdedubuaeduaubdedubuaeduaubdedubuaeduaubdedubuab",1,"httpstcoaynvlo",1
"919",919,"eduaubdedubuaeduaubdedubuaeduaubdedubuaeduaubdedubuanhtgawm",1,"httpstcobccoqfi",1
"920",920,"eduaubdedubuaeduaubdedububeduaubdedubu",1,"httpstcobdieywrsx",1
"921",921,"eduaubdedubuaeduaubdedububeduaubdedubua",1,"httpstcobfukcmokp",1
"922",922,"eduaubdedubuaf",1,"httpstcobkbhfwwlh",1
"923",923,"eduaubdedubuahtgawm",1,"httpstcobllaafxt",1
"924",924,"eduaubdedubuanhtgawm",1,"httpstcobmmqkxbd",1
"925",925,"eduaubdedubuaripdeanthomas",1,"httpstcobmzafnavj",1
"926",926,"eduaubdedububeduaubdedubua",1,"httpstcobwbjsdat",1
"927",927,"eduaubdedububeduaubdedubuad",1,"httpstcobyatz",1
"928",928,"eduaubdedububeduaubdedububeduaubdedububeduaubdedububeduaubdedubuaeduaubdedubu",1,"httpstcobyfbuvivmt",1
"929",929,"eduaubdedububeduaubdedububeduaubdedububeduaubdedububeduaubdedububeduaubdedububeduaubdedububeduaubdedububeduaubdedubuadeduaubdedubuadeduaubdedubuadeduaubdedubuadeduaubdedubuadeduaubdedubuadeduaubdedubuadeduaubdedubuadeduaubdedubuadeduaubdedubuadeduaubdedubuadeduaubdedubuadeduaubdedubuadeduaubdedubuadeduaubdedubuadeduaubdedubuadeduaubdedubuadeduaubdedubuadeduaubdedubuadeduaubdedubuadeduaubdedubuadeduaubdedubuadeduaubdedubuad",1,"httpstcobzxqpqgrlf",1
"930",930,"eduaubdedububeduaubdedububeduaubdedububeduaubdedububeduaubdedububeduaubdedububeduaubdedububeduaubdedububeduaubdedububeduaubdedububeduaubdedububshonda",1,"httpstcocelhllrn",1
"931",931,"eduaubdedububeduaubdedububeduaubdedububeduaubdedububeduaubdedububwhat",1,"httpstcocgnfabyhni",1
"932",932,"eduaubdedububeduaubdedubuf",1,"httpstcocgzbei",1
"933",933,"eduaubdedubuceduaubcedubfubbeduaubdedubuaf",1,"httpstcocjrhnkeu",1
"934",934,"eduaubdedubueduaubdedubuad",1,"httpstcocnjmda",1
"935",935,"eduaubdedubueduaubdedubuadeduaubdedubau",1,"httpstcocojecoxkt",1
"936",936,"eduaubdedubueduaubdedubueduaubdedubueduaubdedubueduaubdedubueduaubdedubueduaubdedubuadeduaubdedubuad",1,"httpstcocrtecfeuvr",1
"937",937,"eduaubdedubueeduaubdedubu",1,"httpstcocrzrmlxg",1
"938",938,"eduaubdedubuf",1,"httpstcocsaixpxts",1
"939",939,"eduaubdedubuhtgawm",1,"httpstcocsguimbkt",1
"940",940,"eduaubdedubunhtgawm",1,"httpstcodcqjgriryk",1
"941",941,"eduaubdedubuok",1,"httpstcodcrvvteft",1
"942",942,"eek",1,"httpstcodfmejctreo",1
"943",943,"election",1,"httpstcodfskickyv",1
"944",944,"electricity",1,"httpstcodgxocaptdnmobsquad",1
"945",945,"emayechay",1,"httpstcodmvgwuone",1
"946",946,"emojis",1,"httpstcodntbim",1
"947",947,"ending",1,"httpstcodoshijmh",1
"948",948,"enews",1,"httpstcodqlldwos",1
"949",949,"episodeeduaubdedubueduaubdedubu",1,"httpstcodrdtsjav",1
"950",950,"episodes",1,"httpstcoduzjgjmq",1
"951",951,"erikmardes",1,"httpstcoebajdzcf",1
"952",952,"esp",1,"httpstcoeclmkvngwl",1
"953",953,"especially",1,"httpstcoefspknlzn",1
"954",954,"ethnicity",1,"httpstcoekcwwqc",1
"955",955,"ewicz",1,"httpstcoeltqyq",1
"956",956,"experienced",1,"httpstcoeonfirqym",1
"957",957,"explaining",1,"httpstcoerfzzcsc",1
"958",958,"exquisite",1,"httpstcoetfipbgtv",1
"959",959,"fan",1,"httpstcoexipamkbkynmobsquad",1
"960",960,"fandom",1,"httpstcoexwfynho",1
"961",961,"far",1,"httpstcofkdzjcjre",1
"962",962,"favesuufef",1,"httpstcoflhrj",1
"963",963,"favsnher",1,"httpstcoflkxchbv",1
"964",964,"feelin",1,"httpstcofslbttk",1
"965",965,"feeling",1,"httpstcofuoffzldb",1
"966",966,"fell",1,"httpstcofvkcihrnf",1
"967",967,"fictional",1,"httpstcoghredyvo",1
"968",968,"finales",1,"httpstcogiekrjwo",1
"969",969,"finished",1,"httpstcogkcijshrpg",1
"970",970,"floor",1,"httpstcognzvzpjvuc",1
"971",971,"fml",1,"httpstcogsslwtc",1
"972",972,"follow",1,"httpstcogtwibzkqc‚Ä",1
"973",973,"followed",1,"httpstcogutotim",1
"974",974,"foor",1,"httpstcohczsumpn",1
"975",975,"forever",1,"httpstcohzwosgek",1
"976",976,"forget",1,"httpstcoicupbrxn",1
"977",977,"found",1,"httpstcoieqjykawhw",1
"978",978,"foxcinemas",1,"httpstcoiihnwxkui",1
"979",979,"fragile",1,"httpstcoinczqhlpvn",1
"980",980,"frankamp",1,"httpstcoipcpqcvyj",1
"981",981,"franks",1,"httpstcoiusndsqx",1
"982",982,"free",1,"httpstcoivlcaxly",1
"983",983,"friday",1,"httpstcoiyvphi",1
"984",984,"fridayfeeling",1,"httpstcoizqnabqyg",1
"985",985,"fucccckkkinnggg",1,"httpstcoiztdoifolf",1
"986",986,"fuckinh",1,"httpstcoizwsmbe",1
"987",987,"full",1,"httpstcojblupicnpa",1
"988",988,"function",1,"httpstcojdvyvbzg",1
"989",989,"fuuuuuuuuuuucckkkkkk",1,"httpstcojfcpfizsy",1
"990",990,"gaf",1,"httpstcojxkyawos",1
"991",991,"gago",1,"httpstcojykyxdykb",1
"992",992,"ganun",1,"httpstcokbgbdzdebn",1
"993",993,"geeksofcolor",1,"httpstcokdeuuqz",1
"994",994,"genius",1,"httpstcokjrpeedmuv",1
"995",995,"gentle",1,"httpstcoknuxpaxlij",1
"996",996,"genuinley",1,"httpstcokprbuvq‚Ä",1
"997",997,"gets",1,"httpstcokujtrkm‚Ä",1
"998",998,"getthefuckout",1,"httpstcokupgqvn",1
"999",999,"gif",1,"httpstcokzswqxav",1
"1000",1000,"gilmore",1,"httpstcolahxpz",1
"1001",1001,"ginikaezeani",1,"httpstcoljkacxhxs",1
"1002",1002,"given",1,"httpstcollcfqtycnt",1
"1003",1003,"glenn",1,"httpstcolpqonina",1
"1004",1004,"globnnssssssshhhhhhhhtnnhtgawm",1,"httpstcolrbflwcow",1
"1005",1005,"goals",1,"httpstcolusavaedu",1
"1006",1006,"godnhtgawm",1,"httpstcolwajprop",1
"1007",1007,"godofwarshader",1,"httpstcolzpuyphx",1
"1008",1008,"goi‚Ä",1,"httpstcomhljqspl",1
"1009",1009,"gon",1,"httpstcomsckithzj",1
"1010",1010,"gone",1,"httpstcomzzjzfzp",1
"1011",1011,"great",1,"httpstconayinfrauk",1
"1012",1012,"griffindoor",1,"httpstcondiqko",1
"1013",1013,"gurl",1,"httpstcondmtgtvk",1
"1014",1014,"guy",1,"httpstconfqpoogtjm",1
"1015",1015,"guyseduaubdedububeduaubdedububeduaubdedububeduaubdedubub",1,"httpstcongqlpcanf",1
"1016",1016,"hair",1,"httpstconixacyzr",1
"1017",1017,"happen",1,"httpstconiyuegyclo",1
"1018",1018,"hasminaaaaa",1,"httpstconkcenrkwwq",1
"1019",1019,"haunt",1,"httpstconkipihzsc",1
"1020",1020,"hawu",1,"httpstconlkthvhl",1
"1021",1021,"heard",1,"httpstconnkxovlatu",1
"1022",1022,"heavy",1,"httpstconnqplsx",1
"1023",1023,"helenav",1,"httpstcontlnr‚Ä",1
"1024",1024,"help",1,"httpstcontlnrgfhoe",1
"1025",1025,"helped",1,"httpstconuijzlvyq",1
"1026",1026,"heshe",1,"httpstconzdnzgec",1
"1027",1027,"himamp",1,"httpstcoocijmyemw",1
"1028",1028,"history",1,"httpstcoodexokvka",1
"1029",1029,"hit",1,"httpstcoodfeffohen",1
"1030",1030,"holysht",1,"httpstcoosocfvfsm",1
"1031",1031,"home",1,"httpstcoosorylqxi",1
"1032",1032,"htgawbelle",1,"httpstcootzkrgoj",1
"1033",1033,"htgawm‚Äôs",1,"httpstcooumsvdqhe",1
"1034",1034,"htgawmdid",1,"httpstcopapceutdpb",1
"1035",1035,"htgawmeduaubdedubu",1,"httpstcoplabcor",1
"1036",1036,"htgawmnhow",1,"httpstcoppkfuxljjjnmobsquad",1
"1037",1037,"htgawmnn",1,"httpstcopsqwfth",1
"1038",1038,"htgawmnripwesgibbins",1,"httpstcopvdmddcd",1
"1039",1039,"htgawmnripwesgibbinsnonly",1,"httpstcopxkejndqal",1
"1040",1040,"htgawmpost",1,"httpstcopzbmweiqe",1
"1041",1041,"httpstcoaaybdqe",1,"httpstcoqcc‚Ä",1
"1042",1042,"httpstcoafuifjbof",1,"httpstcoqccemqjwe",1
"1043",1043,"httpstcoaggwakvvl",1,"httpstcoqcqqwzzyt",1
"1044",1044,"httpstcoajvvfqmkj",1,"httpstcoqfnusug",1
"1045",1045,"httpstcoayqnztx",1,"httpstcoqhpulesqpm",1
"1046",1046,"httpstcobksovcmd",1,"httpstcoqtqhqcl",1
"1047",1047,"httpstcoblqrp",1,"httpstcoqulimgmodt",1
"1048",1048,"httpstcocohtuufix",1,"httpstcoregpltknq",1
"1049",1049,"httpstcocpukdwtkj",1,"httpstcorghash",1
"1050",1050,"httpstcocqrpugvtm",1,"httpstcoriiqqem",1
"1051",1051,"httpstcocsomwsam",1,"httpstcorinftdepb",1
"1052",1052,"httpstcocuemavuxfz",1,"httpstcorkqocjf",1
"1053",1053,"httpstcocwahrlxbq",1,"httpstcormbabeyemz",1
"1054",1054,"httpstcodfkyvxnerf",1,"httpstcornilzkvs",1
"1055",1055,"httpstcodjgkagb‚Ä",1,"httpstcornoqggpl",1
"1056",1056,"httpstcodluqbkud",1,"httpstcornpppegzj",1
"1057",1057,"httpstcodnhluczec",1,"httpstcorp‚Ä",1
"1058",1058,"httpstcodohdxebve",1,"httpstcorpwxpvsi",1
"1059",1059,"httpstcodqphpjp",1,"httpstcorpzhzluttq",1
"1060",1060,"httpstcoduzisglrj",1,"httpstcospykeizdy",1
"1061",1061,"httpstcoeavommnj",1,"httpstcostntjylclv",1
"1062",1062,"httpstcoehbqkercz",1,"httpstcostvxcwf",1
"1063",1063,"httpstcoemwflmkpx",1,"httpstcosvofgdslr",1
"1064",1064,"httpstcofnpoddemw",1,"httpstcosxtoii",1
"1065",1065,"httpstcofplvvyu",1,"httpstcotahczvmgw",1
"1066",1066,"httpstcofuqbgui",1,"httpstcotbgeisqvsd",1
"1067",1067,"httpstcogalnsarf",1,"httpstcotbxicuwzil",1
"1068",1068,"httpstcohkexeupel",1,"httpstcotptxqp",1
"1069",1069,"httpstcohrmxcsngao",1,"httpstcotqgukwvegf",1
"1070",1070,"httpstcohvdfjbzqb",1,"httpstcoubtoxwdih",1
"1071",1071,"httpstcoinxzqqj",1,"httpstcouejkxxufaa",1
"1072",1072,"httpstcoiualmoiqc",1,"httpstcoufjximkdw",1
"1073",1073,"httpstcoiumoze",1,"httpstcoumwxkmbat",1
"1074",1074,"httpstcojaacisfol",1,"httpstcoupqaabpxy",1
"1075",1075,"httpstcojattbmfo",1,"httpstcourmckuodje",1
"1076",1076,"httpstcojifdyxpy",1,"httpstcouroefclqj",1
"1077",1077,"httpstcojkxcsggj",1,"httpstcousvqldnzz",1
"1078",1078,"httpstcojnmbojpex",1,"httpstcouxhxhakl",1
"1079",1079,"httpstcojnnxoehl",1,"httpstcovdbmtqjs",1
"1080",1080,"httpstcojsrwcncmc",1,"httpstcovkmagia",1
"1081",1081,"httpstcojttxwtubfe",1,"httpstcovmozrjyd",1
"1082",1082,"httpstcojuduckvc",1,"httpstcovpkzedbdt",1
"1083",1083,"httpstcojvbaoatso",1,"httpstcovrlpsvfrln",1
"1084",1084,"httpstcojvlyoxr",1,"httpstcovsdasuvhpx",1
"1085",1085,"httpstcokgabbfehf",1,"httpstcovsdyuathah",1
"1086",1086,"httpstcokifdageql",1,"httpstcovyultulee",1
"1087",1087,"httpstcokqdecjvg",1,"httpstcowalfnjsyn",1
"1088",1088,"httpstcokzzytllmcl",1,"httpstcowcrkljowi",1
"1089",1089,"httpstcoldelvrvt",1,"httpstcowdenrqsasv",1
"1090",1090,"httpstcolfigkfrzvy",1,"httpstcowdwgiwq",1
"1091",1091,"httpstcolhzwpqpz",1,"httpstcowhtpyudqet",1
"1092",1092,"httpstcolktueuup",1,"httpstcowjvmmyzyni",1
"1093",1093,"httpstcommaekt",1,"httpstcowltjnkur",1
"1094",1094,"httpstcommlcmgnry",1,"httpstcowtuvgmse",1
"1095",1095,"httpstcomwevkrhi",1,"httpstcoxayecpcj",1
"1096",1096,"httpstcomwwwmuqlqh",1,"httpstcoxcbwkxgj",1
"1097",1097,"httpstcomyuzbowbnr",1,"httpstcoxenxzxka",1
"1098",1098,"httpstconfmsfvull",1,"httpstcoxjdidde",1
"1099",1099,"httpstconlpmedwok",1,"httpstcoxjmsmvuhah",1
"1100",1100,"httpstconsqxvd",1,"httpstcoxkflsjrz",1
"1101",1101,"httpstcooaqsvhnjia",1,"httpstcoxqvcn",1
"1102",1102,"httpstcooeqknvflh",1,"httpstcoxrkelxtfe",1
"1103",1103,"httpstcoohbvsqzgw",1,"httpstcoxtcbe",1
"1104",1104,"httpstcoollmftvzy",1,"httpstcoxtjkeilv",1
"1105",1105,"httpstcoouasggevx",1,"httpstcoxwwqfgvfm",1
"1106",1106,"httpstcop‚Ä",1,"httpstcoxzamnzi",1
"1107",1107,"httpstcopcluisphx",1,"httpstcoyaswjqyy",1
"1108",1108,"httpstcopkdozyh",1,"httpstcoybmtxoyfdw",1
"1109",1109,"httpstcoprgambebp",1,"httpstcoycilrufi",1
"1110",1110,"httpstcoq‚Ä",1,"httpstcoyhdkrwthh",1
"1111",1111,"httpstcoqcpkybrknz",1,"httpstcoykrpodkpz",1
"1112",1112,"httpstcoqspohinb",1,"httpstcoylrpycvg",1
"1113",1113,"httpstcoqtytuvln",1,"httpstcoywqanpov",1
"1114",1114,"httpstcoqukcrquj",1,"httpstcoyzqcaiwbh",1
"1115",1115,"httpstcoqxwirlf",1,"httpstcozcormpjn",1
"1116",1116,"httpstcorcmerxlnv",1,"httpstcozhlhjpadt",1
"1117",1117,"httpstcorhqkmmf",1,"httpstcozixegyanl",1
"1118",1118,"httpstcornisvkm",1,"httpstcoznjxludjd",1
"1119",1119,"httpstcornzxqtlo",1,"httpstcoznzmvvk",1
"1120",1120,"httpstcortfnnaxq",1,"httpstcozsyzoqlwzt",1
"1121",1121,"httpstcoscuupzaf",1,"httpstcozudxtoyv",1
"1122",1122,"httpstcosoyoppl",1,"httpstcozxnmy",1
"1123",1123,"httpstcotcsqmmoho",1,"httpstcozyqwzgze",1
"1124",1124,"httpstcotjjbgtebf",1,"httpstcozzpymxfitb",1
"1125",1125,"httpstcotjtpozwwy",1,"hype",1
"1126",1126,"httpstcotxpshxgjl",1,"icky",1
"1127",1127,"httpstcouejgxyqb",1,"idea",1
"1128",1128,"httpstcoupukzdlvqm",1,"ikeswagginu",1
"1129",1129,"httpstcoutbzmil",1,"immaculate",1
"1130",1130,"httpstcouvcqintk",1,"insight",1
"1131",1131,"httpstcouyurzdolg",1,"instead",1
"1132",1132,"httpstcouzuehft",1,"intense",1
"1133",1133,"httpstcov‚Ä",1,"interesting",1
"1134",1134,"httpstcovdidieqhb",1,"interview",1
"1135",1135,"httpstcovkesjoqob",1,"irvine",1
"1136",1136,"httpstcovluwux",1,"isaac",1
"1137",1137,"httpstcovunvdu",1,"isnt",1
"1138",1138,"httpstcovwlircapf",1,"it‚Äôs",1
"1139",1139,"httpstcownekursup",1,"itngoffgetthemjared",1
"1140",1140,"httpstcowsntgawne",1,"itunes",1
"1141",1141,"httpstcowusttwhj",1,"ivanjkwan",1
"1142",1142,"httpstcoxjechpb",1,"jac‚Ä",1
"1143",1143,"httpstcoxjwodwnk",1,"jackie",1
"1144",1144,"httpstcoxkdgxw",1,"jacobnevins",1
"1145",1145,"httpstcoxsiisezq",1,"jamon",1
"1146",1146,"httpstcoxwcdjeac",1,"jasonbaumpr",1
"1147",1147,"httpstcoyqzvwagmt",1,"jerseys",1
"1148",1148,"httpstcoyuhyfvogwt",1,"jittery",1
"1149",1149,"httpstcozzhkonpem",1,"jlaurinaitis",1
"1150",1150,"huge",1,"joe",1
"1151",1151,"hugs",1,"join",1
"1152",1152,"huhu",1,"jonesdrew",1
"1153",1153,"huhuhuhu",1,"joyner",1
"1154",1154,"humans",1,"keenumgoff",1
"1155",1155,"hype",1,"kevinkoskiphoto",1
"1156",1156,"iamshocked",1,"kick",1
"1157",1157,"iamtjjones",1,"kid",1
"1158",1158,"idk",1,"konw",1
"1159",1159,"ileon",1,"la‚Ä",1
"1160",1160,"image",1,"lafan",1
"1161",1161,"imma",1,"lakeshow",1
"1162",1162,"immigrant",1,"lamarcus",1
"1163",1163,"impacted",1,"laramsservices",1
"1164",1164,"incredible",1,"late",1
"1165",1165,"innme",1,"leaving",1
"1166",1166,"intensity",1,"lemirejoe",1
"1167",1167,"interest‚Ä",1,"lessneadhair",1
"1168",1168,"internal",1,"letsramit",1
"1169",1169,"internalize",1,"life",1
"1170",1170,"intimate",1,"lilslippers",1
"1171",1171,"inventing",1,"lions",1
"1172",1172,"involvement",1,"listening",1
"1173",1173,"isnwho",1,"little",1
"1174",1174,"jan",1,"livingnnmobsquad",1
"1175",1175,"jaw",1,"losangelesrams",1
"1176",1176,"jesinhtgawm",1,"loud",1
"1177",1177,"jimmykimmel",1,"ltgsports",1
"1178",1178,"job",1,"lukeosterlof",1
"1179",1179,"john",1,"lynn",1
"1180",1180,"jose",1,"machine",1
"1181",1181,"jroz",1,"maddenpfl",1
"1182",1182,"jspence",1,"makes",1
"1183",1183,"jsquaredd",1,"marcossacal",1
"1184",1184,"justmarkus",1,"marcus",1
"1185",1185,"jyleraf",1,"mariota",1
"1186",1186,"katf",1,"mark",1
"1187",1187,"keatingnhtgawm",1,"mase",1
"1188",1188,"keeps",1,"may",1
"1189",1189,"kennat",1,"mayor",1
"1190",1190,"kimmel",1,"meant",1
"1191",1191,"kimthatisall",1,"media",1
"1192",1192,"kinda",1,"meet",1
"1193",1193,"kmagic",1,"mention",1
"1194",1194,"kmt",1,"miaminnits",1
"1195",1195,"knownyes",1,"miavslanhttpstcocrklrxcj",1
"1196",1196,"land",1,"miavslanhttpstcoulcownwy‚Ä",1
"1197",1197,"lang",1,"michaelbrockers",1
"1198",1198,"lasgomasderydel",1,"michaelinla",1
"1199",1199,"later",1,"milesteller",1
"1200",1200,"law",1,"minormajor",1
"1201",1201,"ldinsight‚Ä",1,"miss",1
"1202",1202,"leave",1,"missouri",1
"1203",1203,"leaving",1,"mister",1
"1204",1204,"leftndo",1,"mizzou",1
"1205",1205,"legit",1,"mobsquad‚",1
"1206",1206,"lets",1,"mobsquadnhttpstcoebtbyxhc",1
"1207",1207,"liked",1,"mobsquadnhttpstcoekkyqgcn",1
"1208",1208,"line",1,"mobsquadnhttpstcogiekrjwo",1
"1209",1209,"linmanuel",1,"mobsquadnhttpstcogweizb",1
"1210",1210,"listen",1,"mock",1
"1211",1211,"listening",1,"moldy",1
"1212",1212,"liza",1,"momentum",1
"1213",1213,"log",1,"monday",1
"1214",1214,"logic",1,"morennlisten‚Ä",1
"1215",1215,"lord",1,"mortreport",1
"1216",1216,"loves",1,"must",1
"1217",1217,"lrhwoives",1,"n‚Ä",1
"1218",1218,"luv",1,"nba",1
"1219",1219,"luxury",1,"neduaubcedubeubeduaubcedubeub",1
"1220",1220,"lwazimd",1,"needed",1
"1221",1221,"maam",1,"needs",1
"1222",1222,"maicareynoso",1,"never",1
"1223",1223,"makes",1,"newera",1
"1224",1224,"making",1,"nextnhttpstcovwgqiplsf",1
"1225",1225,"mandragorapattern",1,"nf‚Ä",1
"1226",1226,"mapgar",1,"nflnow",1
"1227",1227,"marathon",1,"nfltotalaccess",1
"1228",1228,"marcosnotaheronu",1,"nfluk",1
"1229",1229,"marieeeel",1,"ngorams",1
"1230",1230,"martin",1,"nhttpstcobqppbabr",1
"1231",1231,"mary",1,"nhttpstcoeinncdx",1
"1232",1232,"massive",1,"nhttpstcoepqvkwu",1
"1233",1233,"may",1,"nhttpstcoiquaxujv",1
"1234",1234,"mcada",1,"nhttpstcoirvvnvm",1
"1235",1235,"meeeeeeee",1,"nhttpstcokmmnjqsf",1
"1236",1236,"melt",1,"nhttpstcomenyxy",1
"1237",1237,"menwhat",1,"nhttpstcomlslejvohnnramsnfl",1
"1238",1238,"messed",1,"nhttpstcommndozpghr",1
"1239",1239,"messing",1,"nhttpstcotdkcmwkjy‚Ä",1
"1240",1240,"messsss",1,"nhttpstcoxacdeq",1
"1241",1241,"mhellywhatsgood",1,"nhttpstcoywqanea",1
"1242",1242,"miatheboss",1,"nice",1
"1243",1243,"michaelas",1,"night",1
"1244",1244,"michaelashrs",1,"nikonoelsanche",1
"1245",1245,"michellekovu",1,"nit",1
"1246",1246,"mid",1,"njaredgoff",1
"1247",1247,"mind",1,"nkearns",1
"1248",1248,"minutesndo",1,"nlbrams",1
"1249",1249,"mirror",1,"nndallascowboys",1
"1250",1250,"mishacklesifer",1,"nnyes",1
"1251",1251,"missed",1,"none",1
"1252",1252,"mixers",1,"noplanb",1
"1253",1253,"mmffnua",1,"notmycoach",1
"1254",1254,"mmffnuc",1,"nowneed",1
"1255",1255,"monumentnub",1,"nownnfl",1
"1256",1256,"mouth",1,"nrams",1
"1257",1257,"moved",1,"nrts",1
"1258",1258,"muhtayohh",1,"ntgii",1
"1259",1259,"muna",1,"nthank",1
"1260",1260,"music",1,"number",1
"1261",1261,"nahhh",1,"numbers",1
"1262",1262,"nahhhhh",1,"nyjets",1
"1263",1263,"nailed",1,"olinemen",1
"1264",1264,"nap",1,"omg",1
"1265",1265,"naturalcork",1,"oregonpitcrew",1
"1266",1266,"ncontact",1,"others",1
"1267",1267,"nearly",1,"outfielder",1
"1268",1268,"neduaubdedubuadeduaubdedubuadeduaubdedubuadeduaubdedubuadeduaubdedubuadhtgawm",1,"page",1
"1269",1269,"needed",1,"painfieldofdreams",1
"1270",1270,"needs",1,"panthers",1
"1271",1271,"nevermind",1,"papa",1
"1272",1272,"newest",1,"passing",1
"1273",1273,"newly",1,"patriots",1
"1274",1274,"ngoooosh",1,"peads",1
"1275",1275,"nicdawes",1,"per",1
"1276",1276,"nicoletweetss",1,"person",1
"1277",1277,"nigga",1,"pffnngurley",1
"1278",1278,"nme",1,"phone",1
"1279",1279,"nnate",1,"photo",1
"1280",1280,"nnnnnni",1,"pic",1
"1281",1281,"nnunfucking",1,"picks",1
"1282",1282,"none",1,"picture",1
"1283",1283,"nooo",1,"plated",1
"1284",1284,"noooooeduaubdedubuadeduaubdedubuad",1,"playoffs",1
"1285",1285,"noooooooooooooooooo",1,"plus",1
"1286",1286,"northnirelandnadelenkaikouranregister",1,"po‚Ä",1
"1287",1287,"nospoilers",1,"podcast",1
"1288",1288,"note",1,"points",1
"1289",1289,"notin",1,"pr‚Ä",1
"1290",1290,"nowalk",1,"pray",1
"1291",1291,"nowwho",1,"praying",1
"1292",1292,"nswaklnhtgawmnbreakernationnnzvpaknkiwiconnhavelock",1,"predicting",1
"1293",1293,"nthem",1,"prediction",1
"1294",1294,"numb",1,"prices",1
"1295",1295,"nurse",1,"pride",1
"1296",1296,"nuts",1,"pro",1
"1297",1297,"ofc",1,"probowlvote",1
"1298",1298,"ohhicutiepie",1,"profootballtalk",1
"1299",1299,"old",1,"props",1
"1300",1300,"oliviaspope",1,"protesting",1
"1301",1301,"omgomgomgomgomgomg",1,"prove",1
"1302",1302,"oree",1,"provide",1
"1303",1303,"others",1,"pulling",1
"1304",1304,"ouafaealaoui",1,"punters",1
"1305",1305,"ouatxarrow",1,"question",1
"1306",1306,"pain",1,"quotes",1
"1307",1307,"painful",1,"r‚Ä",1
"1308",1308,"paralyzed",1,"ra‚Ä",1
"1309",1309,"paris",1,"radio",1
"1310",1310,"partypoopers",1,"raging",1
"1311",1311,"passed",1,"raiders",1
"1312",1312,"paying",1,"ramirez",1
"1313",1313,"pchardcase",1,"rams‚Ä",1
"1314",1314,"pcs",1,"ramsd",1
"1315",1315,"peace",1,"ramsfuture",1
"1316",1316,"periscope",1,"ramslalife",1
"1317",1317,"personal",1,"ramsnation‚Ä",1
"1318",1318,"phone",1,"ramsnhttpstcotxqtvmylaz",1
"1319",1319,"phonecasemanufacturer",1,"ramsrbacknla",1
"1320",1320,"pht",1,"ran",1
"1321",1321,"place",1,"rancid",1
"1322",1322,"played",1,"ratings",1
"1323",1323,"poc",1,"ready‚Ä",1
"1324",1324,"pointers",1,"real",1
"1325",1325,"points",1,"realjefffisher",1
"1326",1326,"polkadotpurse",1,"reasons",1
"1327",1327,"poooo",1,"remember",1
"1328",1328,"poor",1,"resetnas",1
"1329",1329,"possible",1,"respect",1
"1330",1330,"postpone",1,"return",1
"1331",1331,"power",1,"rising",1
"1332",1332,"ppl",1,"rock",1
"1333",1333,"practicing",1,"rollonyoubears",1
"1334",1334,"pregnant",1,"rooting",1
"1335",1335,"premiere",1,"round",1
"1336",1336,"prepare",1,"rumors",1
"1337",1337,"president",1,"ryan",1
"1338",1338,"pressurize",1,"ryangosling",1
"1339",1339,"pretended",1,"sackcity",1
"1340",1340,"proper",1,"sacrificed",1
"1341",1341,"protect",1,"save",1
"1342",1342,"puppy",1,"savior",1
"1343",1343,"pure",1,"saw",1
"1344",1344,"pussyclaat",1,"sbpi",1
"1345",1345,"putangina",1,"schedule",1
"1346",1346,"puupy",1,"scheduled",1
"1347",1347,"quit",1,"seahawks",1
"1348",1348,"rail",1,"seanmcentee",1
"1349",1349,"rante",1,"secondary",1
"1350",1350,"rayaldn",1,"seen",1
"1351",1351,"razanmonstaa",1,"selling",1
"1352",1352,"reacts",1,"semi",1
"1353",1353,"reading",1,"semifinalists",1
"1354",1354,"ready‚Ä",1,"serious",1
"1355",1355,"readyyyyy",1,"session",1
"1356",1356,"realnhtgawm",1,"seven",1
"1357",1357,"recognition",1,"share",1
"1358",1358,"recognized",1,"shout",1
"1359",1359,"reconnect",1,"sign",1
"1360",1360,"reemaalmutairy",1,"silverfox",1
"1361",1361,"relationship",1,"simmons",1
"1362",1362,"relieved",1,"sky",1
"1363",1363,"reminding",1,"slater",1
"1364",1364,"repercussions",1,"smoke",1
"1365",1365,"replacement",1,"snot",1
"1366",1366,"requestjob",1,"socalsportsyou",1
"1367",1367,"retire",1,"soowassupp",1
"1368",1368,"return",1,"sophieluoto",1
"1369",1369,"retweeting",1,"sorry",1
"1370",1370,"reveal",1,"source",1
"1371",1371,"rewatch",1,"southern",1
"1372",1372,"rewatched",1,"spark",1
"1373",1373,"rhimesshondarhimes",1,"spears",1
"1374",1374,"rhymes",1,"sportcourtsocal",1
"1375",1375,"richeesehuasenputecom",1,"sports",1
"1376",1376,"rid",1,"spot",1
"1377",1377,"rimes",1,"spotrams",1
"1378",1378,"ripwaitlist",1,"stadium‚Ä",1
"1379",1379,"rodimusprime",1,"stake",1
"1380",1380,"rolls",1,"staples",1
"1381",1381,"rosariophillipz",1,"startthegoffera",1
"1382",1382,"ruthless",1,"stephendouglas",1
"1383",1383,"said",1,"sticky",1
"1384",1384,"sarahnc",1,"still",1
"1385",1385,"school",1,"stlvssf",1
"1386",1386,"screamqueens",1,"stop",1
"1387",1387,"screwing",1,"store",1
"1388",1388,"script",1,"story",1
"1389",1389,"scrolled",1,"stretch",1
"1390",1390,"scsiingh",1,"strugglingnrams",1
"1391",1391,"seasonwoooooo",1,"success",1
"1392",1392,"sec",1,"summer",1
"1393",1393,"second",1,"sundayngoffgetthemjared",1
"1394",1394,"send",1,"sundays",1
"1395",1395,"seriousely",1,"superbowl",1
"1396",1396,"set",1,"surprised",1
"1397",1397,"sex",1,"swann",1
"1398",1398,"shannaalicia",1,"sweepstakes",1
"1399",1399,"sheets",1,"taking",1
"1400",1400,"sheetseduaubdedubuad",1,"talks",1
"1401",1401,"shes",1,"tanehill",1
"1402",1402,"shiiiet",1,"tann‚Ä",1
"1403",1403,"ship",1,"tease",1
"1404",1404,"shivasingh",1,"tell",1
"1405",1405,"shocking",1,"tgengland",1
"1406",1406,"shocknhtgawm",1,"th‚Ä",1
"1407",1407,"sholaabimbola",1,"thachamp",1
"1408",1408,"shondalandrevealed",1,"thankscase",1
"1409",1409,"shondalandtv",1,"thechrismyers",1
"1410",1410,"shondayoudeadwrong",1,"theforceawakensnhttpstcotyfdawrpo‚Ä",1
"1411",1411,"shot",1,"theforceawakensnhttpstcozlhupqozyq",1
"1412",1412,"shownninner",1,"themmqb",1
"1413",1413,"shows",1,"threat",1
"1414",1414,"shrutitalekar",1,"throwback‚Ä",1
"1415",1415,"shut",1,"ticketmaster",1
"1416",1416,"sigh",1,"ticketnbut",1
"1417",1417,"sink",1,"til",1
"1418",1418,"sixtysiix",1,"till",1
"1419",1419,"smfh",1,"titans",1
"1420",1420,"smh",1,"titanup",1
"1421",1421,"smilleesims",1,"tix‚Ä",1
"1422",1422,"some‚Ä",1,"todayas",1
"1423",1423,"somehow",1,"todaynas",1
"1424",1424,"sometimes",1,"todaynjeff",1
"1425",1425,"soo",1,"todaynnlarams",1
"1426",1426,"southern",1,"todaynrams",1
"1427",1427,"spoileralerts",1,"top",1
"1428",1428,"spoiling",1,"torrey",1
"1429",1429,"spoilt",1,"touchdown",1
"1430",1430,"spoke",1,"training",1
"1431",1431,"stacy",1,"trend",1
"1432",1432,"started",1,"turf",1
"1433",1433,"stay",1,"turn",1
"1434",1434,"stephaniepenne",1,"turning",1
"1435",1435,"stomach",1,"turns",1
"1436",1436,"stoooopid",1,"tweets",1
"1437",1437,"straight",1,"ucberkeley",1
"1438",1438,"stumble",1,"university",1
"1439",1439,"stung",1,"unlikely",1
"1440",1440,"subdeliveryman",1,"up‚Ä",1
"1441",1441,"subject",1,"updatenhttpstcoqrwuoutnherewegonjaguarsnjaguarstodayncoltsncoltsnationnfortheshoenramsnramstvnmobsquad",1
"1442",1442,"submit",1,"upset",1
"1443",1443,"sucked",1,"uscathletics",1
"1444",1444,"summed",1,"uufef",1
"1445",1445,"surprises",1,"version",1
"1446",1446,"surprisingly",1,"victory",1
"1447",1447,"suspect",1,"vine",1
"1448",1448,"suspense",1,"vocativ",1
"1449",1449,"swaggyshay",1,"wade",1
"1450",1450,"tag",1,"waitnmobsquad",1
"1451",1451,"taking",1,"walk",1
"1452",1452,"talent",1,"want",1
"1453",1453,"tbh",1,"wars",1
"1454",1454,"teaching",1,"wasnt",1
"1455",1455,"teamvkj",1,"weare",1
"1456",1456,"tech",1,"weekend",1
"1457",1457,"teenwolf",1,"weeknnpaniniamerica",1
"1458",1458,"tel",1,"weinke",1
"1459",1459,"television",1,"weinkes",1
"1460",1460,"tellem",1,"welcome",1
"1461",1461,"tew",1,"welovela",1
"1462",1462,"theories",1,"whoa",1
"1463",1463,"theskorpion",1,"whoops",1
"1464",1464,"thetopspin",1,"wicked",1
"1465",1465,"thetrudz",1,"wild",1
"1466",1466,"thewalkingdead",1,"winners",1
"1467",1467,"thewrap",1,"winning",1
"1468",1468,"thoughts",1,"wordmotivationalspeech",1
"1469",1469,"til",1,"worlds",1
"1470",1470,"title",1,"worse",1
"1471",1471,"together",1,"wrote",1
"1472",1472,"took",1,"wyche",1
"1473",1473,"train",1,"wyche‚Ä",1
"1474",1474,"trash",1,"yeeeaahhh",1
"1475",1475,"traumatized",1,"yesssssss",1
"1476",1476,"travelstart",1,"zororivera",1
"1477",1477,"trendinaliapi",1,NA,NA
"1478",1478,"trends",1,NA,NA
"1479",1479,"trope",1,NA,NA
"1480",1480,"true",1,NA,NA
"1481",1481,"truly",1,NA,NA
"1482",1482,"tuned",1,NA,NA
"1483",1483,"turn",1,NA,NA
"1484",1484,"tutorial",1,NA,NA
"1485",1485,"tvd",1,NA,NA
"1486",1486,"tvguide",1,NA,NA
"1487",1487,"tvobsessed",1,NA,NA
"1488",1488,"twice",1,NA,NA
"1489",1489,"twisted",1,NA,NA
"1490",1490,"twists",1,NA,NA
"1491",1491,"ucufefucufefucufefeduaubdedubuaeduaubdedubuad",1,NA,NA
"1492",1492,"uenkatycat",1,NA,NA
"1493",1493,"uggggghhhhhhhh",1,NA,NA
"1494",1494,"ughhhhh",1,NA,NA
"1495",1495,"uncomfortableeduaubdedubueduaubdedubuaeduaubdedubu",1,NA,NA
"1496",1496,"unde‚Ä",1,NA,NA
"1497",1497,"understatement",1,NA,NA
"1498",1498,"undetermined",1,NA,NA
"1499",1499,"uneedlawyerup",1,NA,NA
"1500",1500,"unemployed",1,NA,NA
"1501",1501,"unexpected",1,NA,NA
"1502",1502,"university",1,NA,NA
"1503",1503,"unless",1,NA,NA
"1504",1504,"unproblematic",1,NA,NA
"1505",1505,"unsure",1,NA,NA
"1506",1506,"upon",1,NA,NA
"1507",1507,"using",1,NA,NA
"1508",1508,"value",1,NA,NA
"1509",1509,"variety",1,NA,NA
"1510",1510,"vendetta",1,NA,NA
"1511",1511,"via",1,NA,NA
"1512",1512,"vickyrozay",1,NA,NA
"1513",1513,"viewersits",1,NA,NA
"1514",1514,"vincentnewen",1,NA,NA
"1515",1515,"waitlist",1,NA,NA
"1516",1516,"walked",1,NA,NA
"1517",1517,"walks",1,NA,NA
"1518",1518,"wanted",1,NA,NA
"1519",1519,"wat",1,NA,NA
"1520",1520,"wayeduaubdedubuadeduaubdedubuad",1,NA,NA
"1521",1521,"wayyyyyyy",1,NA,NA
"1522",1522,"wed",1,NA,NA
"1523",1523,"weekend",1,NA,NA
"1524",1524,"weeks",1,NA,NA
"1525",1525,"wesisdead",1,NA,NA
"1526",1526,"wess",1,NA,NA
"1527",1527,"whaaaaaat",1,NA,NA
"1528",1528,"whatever",1,NA,NA
"1529",1529,"whenever",1,NA,NA
"1530",1530,"whhhhhyyyyyy",1,NA,NA
"1531",1531,"white",1,NA,NA
"1532",1532,"whoaaaa",1,NA,NA
"1533",1533,"whoah",1,NA,NA
"1534",1534,"whoever",1,NA,NA
"1535",1535,"whoisunderthesh‚Ä",1,NA,NA
"1536",1536,"whose",1,NA,NA
"1537",1537,"whyareyoudoingthis",1,NA,NA
"1538",1538,"whyyeduaubdedubuadeduaubdedubuadeduaubdedubuad",1,NA,NA
"1539",1539,"wifegirlfriend",1,NA,NA
"1540",1540,"wifi",1,NA,NA
"1541",1541,"wild",1,NA,NA
"1542",1542,"will‚Ä",1,NA,NA
"1543",1543,"wishmehopeme",1,NA,NA
"1544",1544,"withmelocoton",1,NA,NA
"1545",1545,"wont",1,NA,NA
"1546",1546,"woods",1,NA,NA
"1547",1547,"word",1,NA,NA
"1548",1548,"working",1,NA,NA
"1549",1549,"wowwww",1,NA,NA
"1550",1550,"wowwwwnnim",1,NA,NA
"1551",1551,"wrapped",1,NA,NA
"1552",1552,"wtff",1,NA,NA
"1553",1553,"wtfffff",1,NA,NA
"1554",1554,"wtfffffff",1,NA,NA
"1555",1555,"wtfwhy",1,NA,NA
"1556",1556,"xmysticwoods",1,NA,NA
"1557",1557,"yasmine",1,NA,NA
"1558",1558,"yeunsspizza",1,NA,NA
"1559",1559,"yoh",1,NA,NA
"1560",1560,"young",1,NA,NA
"1561",1561,"youtube",1,NA,NA
"1562",1562,"zealand",1,NA,NA
